﻿<?xml version="1.0" encoding="utf-8"?>
<DynamicsProperties>
  <DynamicPropertiesCategory Category="Drawing AutoCAD">
    <DynamicProperty>Drawing Title</DynamicProperty>
    <DynamicProperty>Description</DynamicProperty>
    <DynamicProperty>Part Number</DynamicProperty>
    <DynamicProperty Hidden="True">DocNumber</DynamicProperty>
    <DynamicProperty>Material</DynamicProperty>
    <DynamicProperty>Dimensions</DynamicProperty>
    <DynamicProperty>Weight</DynamicProperty>
    <DynamicProperty>Format</DynamicProperty>
    <DynamicProperty>Scale</DynamicProperty>
    <DynamicProperty>Sheet</DynamicProperty>
    <DynamicProperty>Source File</DynamicProperty>
  </DynamicPropertiesCategory>
</DynamicsProperties>